{"loss": [1.2580286264419556, 0.735676646232605, 0.5125147700309753, 0.4127027988433838, 0.3367140293121338, 0.3161115050315857, 0.27678239345550537, 0.2309761494398117, 0.2132711410522461, 0.18159443140029907], "accuracy": [0.4719887971878052, 0.7198879718780518, 0.8134920597076416, 0.856909453868866, 0.8772175312042236, 0.8872548937797546, 0.8963585495948792, 0.922502338886261, 0.9295051097869873, 0.9409430623054504], "val_loss": [0.9631313681602478, 0.5034466981887817, 0.3018956184387207, 0.2373058795928955, 0.21423818171024323, 0.20194049179553986, 0.17066587507724762, 0.14422282576560974, 0.15384918451309204, 0.14618615806102753], "val_accuracy": [0.5973389148712158, 0.8263305425643921, 0.8942577242851257, 0.9089635610580444, 0.9229691624641418, 0.9229691624641418, 0.9369747638702393, 0.9460784196853638, 0.9481792449951172, 0.9488795399665833]}