{"loss": [1.3583911657333374, 0.8943999409675598, 0.634275496006012, 0.5036699771881104, 0.435915470123291, 0.3969530463218689, 0.34390392899513245, 0.30701789259910583, 0.3077308237552643, 0.26945316791534424, 0.2567554712295532, 0.23907214403152466, 0.20304888486862183, 0.18559764325618744, 0.1862797886133194], "accuracy": [0.4306722581386566, 0.6421568393707275, 0.760037362575531, 0.8188608884811401, 0.8419701457023621, 0.8601773977279663, 0.8804855346679688, 0.8919234275817871, 0.8933240175247192, 0.9073296189308167, 0.9117646813392639, 0.9185341000556946, 0.9327731132507324, 0.9339402318000793, 0.9341736435890198], "val_loss": [0.9057247638702393, 0.4955834150314331, 0.41036757826805115, 0.3567469120025635, 0.33872461318969727, 0.3225477337837219, 0.27857401967048645, 0.2742137610912323, 0.24485526978969574, 0.22727933526039124, 0.26680099964141846, 0.20337800681591034, 0.23698031902313232, 0.21467812359333038, 0.1762281209230423], "val_accuracy": [0.6610644459724426, 0.8186274766921997, 0.8473389148712158, 0.8697478771209717, 0.8837534785270691, 0.8998599648475647, 0.9033613204956055, 0.9138655662536621, 0.9208683371543884, 0.9278711676597595, 0.9173669219017029, 0.930672287940979, 0.9348739385604858, 0.9376750588417053, 0.9460784196853638]}