{"loss": [1.339491844177246, 0.8461134433746338, 0.6517136693000793, 0.5305998921394348, 0.47117865085601807, 0.4023999273777008, 0.3758997917175293, 0.3176705539226532, 0.27572101354599, 0.27764394879341125, 0.23507753014564514, 0.23492731153964996, 0.19488175213336945, 0.21857282519340515, 0.18762320280075073], "accuracy": [0.4442110061645508, 0.6610644459724426, 0.7516340017318726, 0.8109243512153625, 0.8284313678741455, 0.8557422757148743, 0.8657796382904053, 0.8853874802589417, 0.9007936716079712, 0.9084967374801636, 0.9159663915634155, 0.9215686321258545, 0.9316059947013855, 0.926937460899353, 0.930672287940979], "val_loss": [0.8708749413490295, 0.5324193835258484, 0.4351392984390259, 0.38200998306274414, 0.38210558891296387, 0.2555519640445709, 0.21701639890670776, 0.19010719656944275, 0.18662585318088531, 0.1685776710510254, 0.19725051522254944, 0.1676175594329834, 0.14557626843452454, 0.1585836112499237, 0.1357135772705078], "val_accuracy": [0.6960784196853638, 0.8123249411582947, 0.8396358489990234, 0.8585433959960938, 0.8585433959960938, 0.9075630307197571, 0.924369752407074, 0.9334734082221985, 0.9341736435890198, 0.9446778893470764, 0.9313725233078003, 0.9397758841514587, 0.9495798349380493, 0.9404761791229248, 0.9544817805290222]}