{"loss": [0.8182700276374817, 0.4710084795951843, 0.37338533997535706, 0.2837618887424469], "accuracy": [0.6974790096282959, 0.831232488155365, 0.8690476417541504, 0.9077964425086975], "val_loss": [0.8532177805900574, 0.24087560176849365, 0.34992358088493347, 0.26965823769569397], "val_accuracy": [0.7598039507865906, 0.930672287940979, 0.92507004737854, 0.9236694574356079]}