{"loss": [1.748582124710083, 0.8416427969932556, 0.6409429907798767, 0.5463447570800781, 0.4750434160232544, 0.42212164402008057, 0.3420146405696869, 0.3152177631855011, 0.31193792819976807, 0.2777716815471649, 0.2610831558704376, 0.23923085629940033, 0.23254776000976562], "accuracy": [0.5028011202812195, 0.6851073503494263, 0.7623715996742249, 0.8048552870750427, 0.823062539100647, 0.8506069183349609, 0.8695144653320312, 0.8933240175247192, 0.894957959651947, 0.904995322227478, 0.9119981527328491, 0.9164332151412964, 0.9173669219017029], "val_loss": [0.6958131194114685, 0.46668288111686707, 0.39755871891975403, 0.3399025499820709, 0.3242426812648773, 0.297494500875473, 0.2845289707183838, 0.25317901372909546, 0.244991272687912, 0.24802200496196747, 0.21326324343681335, 0.243085116147995, 0.21077463030815125], "val_accuracy": [0.7149859666824341, 0.8228291273117065, 0.8613445162773132, 0.8872548937797546, 0.8907563090324402, 0.8984593749046326, 0.9096638560295105, 0.9145658016204834, 0.9229691624641418, 0.924369752407074, 0.9383753538131714, 0.924369752407074, 0.9313725233078003]}