{"loss": [1.8152045011520386, 0.864008903503418, 0.6606085300445557, 0.5571991205215454, 0.4830920696258545, 0.4152086675167084, 0.36973947286605835, 0.3184836804866791, 0.3060184121131897, 0.2819160223007202, 0.2760396897792816, 0.240794375538826, 0.23860859870910645, 0.2052396833896637, 0.17774175107479095], "accuracy": [0.47852474451065063, 0.6615312695503235, 0.7478991746902466, 0.7927170991897583, 0.8251634240150452, 0.8557422757148743, 0.8690476417541504, 0.8837534785270691, 0.89682537317276, 0.9054622054100037, 0.9080298542976379, 0.9218020439147949, 0.9176003932952881, 0.9264705777168274, 0.9379084706306458], "val_loss": [0.6934195756912231, 0.5508409142494202, 0.4654482901096344, 0.3473238945007324, 0.2946736216545105, 0.26119697093963623, 0.23248137533664703, 0.23062920570373535, 0.18928386270999908, 0.21480457484722137, 0.17246872186660767, 0.1556376963853836, 0.17103375494480133, 0.14990241825580597, 0.16927269101142883], "val_accuracy": [0.731792688369751, 0.7906162738800049, 0.8284313678741455, 0.8760504126548767, 0.8935574293136597, 0.9047619104385376, 0.9166666865348816, 0.9166666865348816, 0.9334734082221985, 0.9278711676597595, 0.9390756487846375, 0.9390756487846375, 0.9432772994041443, 0.9467787146568298, 0.9418767690658569]}